,Name,Season,Age,Pitches,Batted_Balls,Barrels,Barrel%,Barrel/PA,Exit_Velocity,Max_EV,Launch_Angle,Sweet_Spot%,XBA,XSLG,WOBA,XWOBA,XWOBACON,HardHit%,K%,BB%
0,AJ Pollock,2022,34,1837,395,37,9.4,7.0,88.8,110.8,11.6,32.9,.258,.419,.297,.317,.364,42.0,18.6,6.1
1,Aaron Hicks,2022,32,2017,278,16,5.8,3.5,87.9,109.6,14.8,25.2,.218,.336,.292,.303,.334,33.1,24.1,13.7
2,Aaron Judge,2022,30,2906,400,106,26.5,15.2,95.9,118.4,15.0,39.0,.305,.706,.458,.463,.611,61.8,25.1,15.9
3,Abraham Toro,2022,25,1340,263,18,6.8,5.1,87.0,108.2,16.7,31.2,.226,.372,.246,.284,.318,29.7,18.5,6.3
4,Adalberto Mondesi,2022,26,215,30,1,3.3,1.9,88.0,105.7,7.8,16.7,.166,.231,.166,.211,.288,26.7,37.0,7.4
5,Adam Duvall,2022,33,1220,188,24,12.8,7.6,88.3,110.1,23.4,36.2,.209,.395,.295,.293,.396,41.0,32.1,6.7
6,Adam Engel,2022,30,992,169,3,1.8,1.2,87.9,111.2,15.0,30.8,.219,.287,.256,.246,.320,33.1,29.2,4.2
7,Adam Frazier,2022,30,2191,478,7,1.5,1.2,85.1,105.1,13.6,37.7,.262,.339,.274,.297,.302,24.5,12.1,7.6
8,Adam Haseley,2022,26,92,15,0,0.0,0.0,84.0,100.7,-14.7,13.3,.219,.254,.270,.266,.309,33.3,28.0,12.0
9,Adley Rutschman,2022,24,2009,315,25,7.9,5.3,87.9,110.9,15.6,35.6,.248,.411,.354,.342,.359,36.8,18.3,13.8
10,Adolis Garcia,2022,29,2537,428,55,12.9,8.4,92.1,113.0,13.2,36.9,.244,.447,.324,.322,.422,47.4,27.9,6.1
11,Akil Baddoo,2022,23,916,137,5,3.6,2.2,85.0,108.5,14.2,29.9,.192,.270,.256,.253,.295,27.0,28.4,10.7
12,Albert Almora,2022,28,846,171,3,1.8,1.3,84.0,108.6,6.7,29.8,.233,.307,.279,.270,.299,25.4,19.6,7.2
13,Albert Pujols,2022,42,1385,258,31,12.0,8.8,91.2,111.7,16.4,34.5,.262,.499,.380,.365,.395,47.3,15.7,8.0
14,Alcides Escobar,2022,35,510,92,1,1.1,0.8,81.8,108.1,15.7,39.1,.210,.264,.242,.233,.278,17.4,24.4,3.8
15,Alec Bohm,2022,25,2301,486,33,6.8,5.2,90.2,110.8,10.4,37.7,.290,.436,.310,.333,.383,43.0,17.4,4.9
16,Alec Burleson,2022,23,190,39,4,10.3,7.5,91.7,109.2,4.0,35.9,.251,.419,.245,.325,.354,48.7,17.0,9.4
17,Aledmys Diaz,2022,31,1178,254,16,6.3,4.9,86.6,112.0,12.4,30.3,.261,.396,.301,.308,.343,36.8,16.2,5.5
18,Alejandro Kirk,2022,23,2200,416,28,6.7,5.2,90.5,110.1,8.1,32.0,.278,.431,.347,.351,.347,45.4,10.7,11.6
19,Alejo Lopez,2022,26,571,124,1,0.8,0.6,83.8,105.1,9.3,37.9,.249,.329,.286,.280,.295,20.2,13.5,5.8
20,Alek Thomas,2022,22,1483,312,12,3.8,2.9,87.4,111.3,2.6,27.9,.238,.335,.272,.277,.310,34.6,18.0,5.4
21,Alex Bregman,2022,28,2521,481,35,7.3,5.3,88.9,109.2,19.5,36.2,.257,.416,.358,.350,.337,37.8,11.7,13.3
22,Alex Call,2022,27,570,84,1,1.2,0.8,86.3,108.8,18.4,29.8,.212,.294,.332,.281,.299,31.0,22.9,11.5
23,Alex Kirilloff,2022,24,614,110,7,6.4,4.5,89.3,108.8,6.1,28.2,.232,.369,.286,.282,.340,45.5,23.1,3.2
24,Alex Verdugo,2022,26,2490,513,31,6.0,4.8,89.1,111.0,8.4,37.8,.278,.428,.319,.329,.353,38.2,13.4,6.5
25,Alfonso Rivas,2022,25,1208,167,7,4.2,2.4,86.9,108.0,4.9,34.7,.219,.308,.285,.281,.349,35.3,30.3,10.1
26,Amed Rosario,2022,26,2395,530,24,4.5,3.6,88.4,110.8,5.0,31.1,.276,.396,.311,.310,.354,38.3,16.6,3.7
27,Andrelton Simmons,2022,32,298,65,0,0.0,0.0,81.4,100.6,1.1,20.0,.158,.189,.204,.199,.186,10.8,15.3,8.2
28,Andres Gimenez,2022,23,2044,386,24,6.2,4.3,87.8,109.9,11.7,31.3,.257,.400,.364,.326,.368,37.8,20.1,6.1
29,Andrew Benintendi,2022,27,1926,390,20,5.1,3.8,89.2,109.8,12.6,39.2,.273,.407,.342,.334,.351,38.7,14.8,10.0
30,Andrew Knizner,2022,27,1103,199,7,3.5,2.4,86.0,110.2,15.6,28.6,.219,.306,.275,.280,.300,33.2,21.2,8.9
31,Andrew McCutchen,2022,35,2364,395,34,8.6,5.9,89.1,110.6,13.2,36.2,.252,.406,.309,.325,.371,40.0,21.4,9.8
32,Andrew Vaughn,2022,24,2087,419,33,7.9,5.9,90.8,112.1,7.5,34.1,.255,.415,.327,.319,.357,48.6,17.3,5.6
33,Andrew Velazquez,2022,27,1320,212,14,6.6,4.0,88.0,109.1,8.2,33.0,.202,.312,.239,.246,.350,34.0,34.1,4.3
34,Andy Ibanez,2022,29,465,98,6,6.1,4.7,88.3,104.3,14.9,29.6,.214,.344,.249,.272,.291,39.8,16.4,7.0
35,Anthony Bemboom,2022,32,244,36,2,5.6,3.4,90.1,106.3,7.0,30.6,.182,.266,.196,.246,.290,36.1,28.8,10.2
36,Anthony Rendon,2022,32,759,133,11,8.3,5.7,89.6,107.3,18.7,42.1,.241,.392,.314,.331,.351,37.6,18.1,11.9
37,Anthony Rizzo,2022,32,2112,366,40,10.9,7.3,89.4,113.3,19.3,34.2,.239,.454,.352,.349,.374,41.0,18.4,10.6
38,Anthony Santander,2022,27,2618,457,53,11.6,8.2,90.1,112.0,21.4,33.5,.257,.471,.336,.352,.395,43.3,18.9,8.5
39,Aramis Garcia,2022,29,449,76,2,2.6,1.7,87.5,108.9,19.6,35.5,.212,.314,.228,.247,.331,36.8,29.6,2.6
40,Aristides Aquino,2022,28,1092,158,13,8.2,4.7,85.6,113.6,17.4,27.2,.180,.317,.267,.243,.353,34.6,36.6,6.2
41,Austin Allen,2022,28,67,5,0,0.0,0.0,92.7,100.7,25.0,20.0,.067,.108,.143,.153,.207,60.0,56.3,6.3
42,Austin Barnes,2022,32,850,145,7,4.8,3.3,87.4,107.8,13.6,31.0,.210,.329,.315,.298,.292,35.2,17.5,12.7
43,Austin Hays,2022,26,2051,424,22,5.2,3.8,87.7,109.0,11.3,32.3,.240,.372,.314,.298,.337,37.7,19.6,5.8
44,Austin Hedges,2022,29,1274,229,7,3.1,2.1,84.2,107.1,16.7,31.9,.180,.261,.225,.238,.257,22.3,23.1,7.4
45,Austin Meadows,2022,27,590,111,7,6.3,4.8,87.8,108.2,17.2,34.2,.308,.460,.307,.380,.384,39.6,11.6,10.9
46,Austin Nola,2022,32,1522,297,7,2.4,1.8,89.4,109.1,12.0,35.4,.256,.351,.290,.305,.316,39.7,15.1,8.6
47,Austin Riley,2022,25,2641,451,71,15.7,10.2,92.5,115.9,12.9,37.7,.271,.531,.377,.378,.468,50.8,24.2,8.2
48,Austin Romine,2022,33,516,85,4,4.7,2.9,87.2,109.7,9.5,22.4,.159,.248,.193,.195,.274,33.3,33.8,2.9
49,Austin Slater,2022,29,1326,190,20,10.5,6.2,89.0,109.4,6.6,43.2,.259,.429,.344,.351,.432,39.5,27.4,12.3
50,Austin Wynns,2022,31,703,126,5,4.0,2.8,84.1,106.4,10.4,31.7,.223,.318,.298,.267,.304,27.0,21.5,5.6
51,Ben DeLuzio,2022,27,97,16,0,0.0,0.0,72.8,100.6,12.8,37.5,.268,.311,.242,.330,.342,12.5,20.0,12.0
52,Ben Gamel,2022,30,1713,274,17,6.2,4.0,88.8,109.2,11.3,38.0,.244,.372,.308,.316,.362,37.6,23.2,11.3
53,Billy McKinney,2022,27,256,37,2,5.4,3.5,83.8,106.5,17.4,29.7,.158,.249,.144,.203,.251,21.6,28.1,7.0
54,Bligh Madris,2022,26,492,82,4,4.9,3.3,88.9,109.1,10.5,30.5,.211,.309,.231,.262,.309,41.5,25.2,8.1
55,Bo Bichette,2022,24,2522,499,48,9.6,6.9,91.9,112.4,8.5,33.3,.278,.444,.347,.334,.408,50.3,22.2,5.9
56,Bobby Dalbec,2022,27,1475,203,24,11.8,6.8,90.3,113.9,15.2,32.0,.216,.379,.287,.296,.406,45.8,33.4,8.2
57,Bobby Witt,2022,22,2332,461,40,8.7,6.3,89.7,113.7,16.8,32.5,.252,.427,.311,.313,.377,38.6,21.4,4.7
58,Brad Miller,2022,32,914,153,12,7.8,5.0,91.1,110.7,14.1,27.5,.205,.344,.263,.269,.343,39.9,29.0,7.5
59,Bradley Zimmer,2022,29,439,61,7,11.5,6.0,87.0,108.3,10.5,21.3,.138,.268,.203,.225,.305,34.4,38.5,4.3
60,Brandon Belt,2022,34,1194,174,22,12.6,7.4,88.4,108.3,23.4,38.5,.215,.412,.303,.326,.390,38.5,27.2,12.4
61,Brandon Crawford,2022,35,1720,313,21,6.7,4.6,88.1,109.0,12.3,31.0,.217,.339,.289,.287,.319,35.1,21.4,8.5
62,Brandon Drury,2022,29,2242,396,41,10.4,7.2,89.1,112.4,13.8,34.8,.242,.420,.350,.316,.373,42.2,22.2,6.7
63,Brandon Lowe,2022,27,1004,175,18,10.3,6.8,89.4,112.2,16.6,35.4,.237,.401,.306,.320,.368,38.9,22.9,10.2
64,Brandon Marsh,2022,24,1807,272,20,7.4,4.3,89.2,109.0,10.9,40.8,.226,.372,.296,.287,.410,38.2,34.3,6.1
65,Brandon Nimmo,2022,29,2781,470,33,7.0,4.9,89.4,111.9,6.1,28.1,.261,.409,.353,.342,.361,39.8,17.2,10.5
66,Brendan Donovan,2022,25,1966,324,11,3.4,2.4,87.7,107.0,6.0,32.7,.266,.365,.349,.339,.332,37.7,15.0,12.8
67,Brendan Rodgers,2022,25,2112,431,31,7.2,5.3,90.0,112.2,4.6,31.3,.265,.404,.321,.326,.361,45.9,17.4,7.9
68,Brett Phillips,2022,28,982,112,5,4.5,2.2,88.5,107.8,22.8,32.1,.156,.244,.213,.220,.327,29.5,41.8,7.1
69,Brian Anderson,2022,29,1543,238,23,9.7,6.0,88.7,112.0,7.7,31.1,.229,.379,.293,.309,.372,42.0,26.4,9.7
70,Brian Serven,2022,27,796,146,4,2.7,2.0,84.5,105.8,12.5,32.9,.212,.291,.263,.254,.286,29.5,21.5,6.3
71,Bryan De,2022,25,1387,243,29,11.9,8.2,90.8,111.2,9.8,43.6,.287,.498,.313,.355,.458,47.3,25.4,5.4
72,Bryan Reynolds,2022,27,2303,403,32,7.9,5.2,90.2,113.2,12.0,35.5,.249,.416,.349,.329,.385,42.9,23.0,9.1
73,Bryce Harper,2022,29,1594,290,37,12.8,8.7,92.1,114.3,11.8,37.2,.288,.527,.369,.380,.451,47.9,20.4,10.8
74,Bryson Stott,2022,24,1877,340,15,4.4,3.2,88.1,108.4,13.1,29.4,.237,.340,.289,.284,.315,36.8,19.1,7.7
75,Byron Buxton,2022,28,1529,225,37,16.4,9.7,92.9,113.5,21.4,34.2,.242,.509,.356,.358,.481,50.2,30.4,8.9
76,C.J. Cron,2022,32,2500,416,45,10.8,7.1,88.7,115.5,14.2,36.8,.243,.435,.335,.320,.406,42.3,25.9,6.8
77,Cal Mitchell,2022,23,850,162,8,4.9,3.4,89.9,107.3,7.5,34.0,.238,.358,.281,.292,.341,40.7,22.4,7.8
78,Cal Raleigh,2022,25,1642,253,39,15.4,9.4,90.9,114.0,22.5,36.0,.216,.461,.330,.324,.422,43.5,29.4,9.2
79,Cal Stevenson,2022,25,294,40,2,5.0,2.8,87.6,102.8,10.6,32.5,.208,.309,.224,.277,.358,32.5,32.4,11.3
80,Cam Gallagher,2022,29,174,31,0,0.0,0.0,85.8,110.2,16.3,32.3,.187,.242,.265,.220,.270,25.8,27.7,6.4
81,Carlos Correa,2022,27,2419,405,46,11.4,7.8,89.9,114.6,11.6,35.3,.276,.484,.362,.363,.422,44.7,20.5,10.3
82,Carlos Santana,2022,36,2066,345,32,9.3,6.3,90.7,111.3,15.4,31.6,.253,.438,.308,.352,.372,44.9,17.4,14.0
83,Carson Kelly,2022,27,1423,250,13,5.2,3.7,87.7,109.4,14.7,33.2,.225,.345,.275,.288,.316,36.8,20.1,8.2
84,Cavan Biggio,2022,27,1282,174,12,6.9,4.0,87.9,107.6,19.6,36.2,.193,.319,.302,.288,.327,32.8,28.1,12.5
85,Cedric Mullins,2022,27,2460,488,24,4.9,3.6,88.8,109.4,17.4,29.3,.232,.349,.315,.288,.318,37.3,18.8,7.0
86,Cesar Hernandez,2022,32,2368,451,11,2.4,1.8,84.8,110.8,9.3,33.3,.248,.329,.283,.290,.317,29.7,18.5,7.3
87,Chad Pinder,2022,30,1437,246,16,6.5,4.2,87.5,109.8,9.7,33.3,.235,.380,.281,.280,.393,40.7,31.1,3.7
88,Chad Wallach,2022,30,168,27,2,7.4,5.0,87.0,106.2,17.7,40.7,.243,.438,.224,.332,.393,37.0,22.5,10.0
89,Charles Leblanc,2022,26,699,103,9,8.7,5.3,87.3,109.0,16.9,36.9,.218,.368,.318,.285,.381,32.0,31.4,7.1
90,Charlie Blackmon,2022,35,2085,428,19,4.4,3.3,86.2,109.5,12.4,36.7,.256,.376,.317,.301,.345,30.6,18.9,5.5
91,Charlie Culberson,2022,33,439,88,1,1.1,0.8,85.3,103.8,5.9,28.4,.226,.303,.281,.251,.317,27.3,25.0,4.0
92,Chas McCormick,2022,27,1584,254,26,10.2,6.4,88.1,109.9,12.8,33.5,.232,.414,.326,.325,.393,39.0,26.0,11.3
93,Chris Owings,2022,30,261,33,1,3.0,1.5,80.4,102.7,10.8,24.2,.145,.199,.204,.238,.260,15.2,35.3,14.7
94,Chris Taylor,2022,31,1980,245,25,10.2,5.5,87.4,108.5,20.4,40.8,.195,.340,.298,.277,.379,38.0,35.2,9.7
95,Christian Arroyo,2022,27,1041,235,15,6.4,5.0,88.9,112.2,9.1,34.9,.292,.430,.319,.330,.378,42.1,16.3,4.3
96,Christian Bethancourt,2022,30,1106,239,28,11.7,8.4,90.1,113.4,9.4,31.4,.255,.449,.301,.318,.404,44.8,24.0,3.6
97,Christian Lopes,2022,29,47,4,0,0.0,0.0,91.1,100.6,27.6,75.0,.173,.223,.069,.222,.382,25.0,50.0,10.0
98,Christian Vazquez,2022,31,1632,332,17,5.1,4.0,87.9,109.5,10.7,36.1,.262,.375,.312,.301,.335,36.4,16.2,5.2
99,Christian Walker,2022,31,2543,459,53,11.5,7.9,90.0,112.6,17.0,33.3,.257,.484,.346,.359,.407,44.0,19.6,10.3
100,Christian Yelich,2022,30,2747,416,34,8.2,5.1,91.5,117.2,3.6,30.3,.258,.404,.328,.339,.396,48.6,24.1,13.1
101,Christopher Morel,2022,23,1648,247,33,13.4,7.8,89.6,112.9,9.1,30.0,.233,.435,.322,.324,.447,40.3,32.2,8.9
102,Clint Frazier,2022,27,168,26,1,3.8,2.2,85.9,107.6,18.0,23.1,.203,.292,.305,.300,.306,30.8,24.4,15.6
103,Cody Bellinger,2022,26,2301,360,30,8.3,5.5,89.4,107.3,20.3,34.4,.213,.354,.284,.278,.348,38.1,27.3,6.9
104,Cody Thomas,2022,27,125,18,0,0.0,0.0,89.5,106.9,9.3,33.3,.216,.269,.264,.240,.349,38.9,37.5,6.3
105,Cole Tucker,2022,25,278,38,3,7.9,4.8,82.4,106.5,4.8,39.5,.183,.275,.172,.198,.329,23.7,39.7,0.0
106,Colin Moran,2022,29,530,82,7,8.5,5.5,90.4,110.4,10.3,30.5,.233,.383,.300,.318,.363,39.0,23.4,12.5
107,Conner Capel,2022,25,242,44,3,6.8,5.1,87.6,108.5,7.9,34.1,.282,.434,.371,.336,.372,31.8,16.9,8.5
108,Connor Joe,2022,29,1900,308,14,4.5,3.0,85.3,110.1,10.6,35.1,.241,.340,.314,.311,.333,33.8,20.8,11.8
109,Cooper Hummel,2022,27,819,113,8,7.1,4.0,87.6,110.9,7.7,30.1,.210,.332,.262,.292,.374,35.4,31.8,11.4
110,Corbin Carroll,2022,21,458,73,4,5.5,3.5,85.8,107.5,9.1,34.2,.221,.359,.358,.293,.356,32.9,27.0,7.0
111,Corey Dickerson,2022,33,1083,235,9,3.8,3.0,87.8,112.1,10.6,32.8,.264,.371,.303,.293,.330,32.8,16.2,4.0
112,Corey Seager,2022,28,2268,495,52,10.5,7.8,91.1,111.3,13.6,38.4,.283,.510,.331,.372,.413,45.5,15.5,8.7
113,Cristian Pache,2022,23,918,174,6,3.4,2.3,89.4,108.6,3.8,25.3,.228,.300,.207,.259,.326,40.8,26.9,5.8
114,Curt Casali,2022,33,783,100,6,6.0,3.4,87.1,106.6,25.4,35.0,.189,.325,.295,.289,.330,39.0,28.4,13.6
115,DJ LeMahieu,2022,33,2152,399,21,5.3,3.9,89.2,110.9,3.0,32.8,.274,.403,.329,.344,.344,41.1,13.1,12.4
116,Dalton Guthrie,2022,26,120,14,1,7.1,3.6,76.8,102.3,8.1,50.0,.237,.344,.437,.363,.380,14.3,25.0,21.4
117,Daniel Vogelbach,2022,29,2102,273,29,10.6,6.3,89.4,110.9,15.8,38.1,.236,.428,.349,.350,.407,39.9,24.7,15.8
118,Danny Jansen,2022,27,961,176,23,13.1,9.3,90.4,109.3,22.2,34.7,.261,.511,.364,.366,.408,46.6,17.7,10.1
119,Danny Mendick,2022,28,422,75,3,4.0,2.8,86.8,107.1,10.3,38.7,.229,.327,.344,.273,.313,20.0,21.7,6.6
120,Dansby Swanson,2022,28,2751,462,50,10.8,7.2,90.2,109.6,15.7,37.0,.257,.461,.337,.337,.430,46.3,26.1,7.0
121,Darick Hall,2022,26,543,92,16,17.4,11.3,91.4,113.0,18.6,37.0,.232,.462,.343,.312,.436,44.6,31.0,3.5
122,Darin Ruf,2022,35,1620,232,20,8.6,5.2,89.2,112.1,14.8,34.5,.219,.371,.291,.310,.367,40.5,27.1,11.6
123,Daulton Varsho,2022,25,2321,393,40,10.2,6.8,87.7,110.3,14.9,33.6,.213,.389,.323,.298,.355,35.6,24.5,7.8
124,David Bote,2022,29,494,72,5,6.9,3.9,92.4,109.6,7.9,34.7,.233,.354,.325,.289,.415,55.6,35.4,4.7
125,David Fletcher,2022,28,730,202,0,0.0,0.0,82.1,99.0,15.0,41.1,.285,.344,.275,.295,.299,7.4,7.0,3.1
126,David Peralta,2022,34,1830,331,28,8.5,5.7,90.3,113.0,15.1,35.0,.249,.399,.315,.313,.375,44.4,23.3,8.4
127,David Villar,2022,25,730,99,9,9.1,5.0,86.8,106.1,17.8,33.3,.189,.327,.344,.285,.353,36.4,32.0,9.9
128,Dermis Garcia,2022,24,535,61,8,13.1,6.4,86.5,110.6,12.2,27.9,.167,.324,.285,.244,.398,42.6,44.0,6.4
129,Didi Gregorius,2022,32,827,180,5,2.8,2.2,84.5,106.5,15.8,33.3,.237,.327,.251,.275,.293,22.8,15.5,5.6
130,Diego Castillo,2022,24,1149,191,19,9.9,6.7,89.1,109.6,14.6,37.7,.224,.389,.272,.292,.374,38.7,26.5,4.9
131,Dixon Machado,2022,30,61,10,0,0.0,0.0,71.6,95.5,22.5,30.0,.240,.264,.239,.281,.338,10.0,29.4,5.9
132,Dominic Smith,2022,27,577,99,7,7.1,4.6,89.6,107.2,10.9,28.3,.219,.360,.254,.293,.337,46.5,24.3,7.9
133,Donny Sands,2022,26,17,2,0,0.0,0.0,90.8,95.0,-12.0,0.0,.152,.169,.172,.275,.205,50.0,25.0,25.0
134,Donovan Solano,2022,34,1189,219,13,5.9,4.3,88.3,107.3,10.7,36.1,.268,.393,.319,.315,.364,41.2,20.1,6.3
135,Drew Waters,2022,23,433,56,7,12.5,6.4,84.1,110.6,10.4,41.1,.198,.379,.347,.296,.423,28.6,36.7,11.0
136,Dylan Carlson,2022,23,1964,342,15,4.4,3.1,86.1,109.2,12.9,35.7,.234,.355,.306,.301,.326,27.2,19.3,9.2
137,Dylan Moore,2022,29,1133,132,17,12.9,6.7,87.2,110.5,20.7,39.4,.202,.360,.338,.322,.378,36.4,29.4,13.3
138,Eddie Rosario,2022,30,1010,185,10,5.4,3.7,87.7,107.3,15.2,32.4,.200,.318,.258,.250,.301,33.0,25.2,6.3
139,Edmundo Sosa,2022,26,653,128,7,5.5,3.7,86.8,107.9,11.4,34.4,.244,.350,.282,.286,.358,29.7,26.3,2.6
140,Eduardo Escobar,2022,33,2089,372,35,9.4,6.5,88.3,111.5,20.6,38.7,.243,.427,.311,.314,.385,37.6,23.8,7.4
141,Edward Olivares,2022,26,689,126,8,6.3,4.6,89.2,111.3,6.6,34.9,.288,.433,.326,.339,.403,38.9,20.7,5.7
142,Edwin Rios,2022,28,347,50,7,14.0,7.6,88.5,107.9,10.9,46.0,.225,.457,.338,.312,.499,40.0,39.1,5.4
143,Ehire Adrianza,2022,32,422,73,1,1.4,0.9,84.6,104.2,12.6,30.1,.222,.288,.222,.274,.299,21.9,22.7,10.0
144,Elehuris Montero,2022,23,674,116,10,8.6,5.4,89.8,109.5,13.2,34.5,.213,.338,.303,.260,.360,39.7,32.4,4.3
145,Eli White,2022,28,444,65,3,4.6,2.6,86.4,105.2,21.5,30.8,.183,.293,.260,.255,.343,29.2,35.0,9.4
146,Elias Diaz,2022,31,1445,272,16,5.9,4.2,88.4,111.8,11.1,28.3,.222,.339,.284,.274,.316,39.3,21.5,6.6
147,Elier Hernandez,2022,27,137,19,1,5.3,2.9,84.0,98.6,30.7,36.8,.168,.227,.193,.183,.300,15.8,42.9,2.9
148,Eloy Jimenez,2022,25,1178,224,33,14.7,10.1,92.8,113.4,7.4,31.7,.266,.512,.370,.365,.437,54.9,22.0,8.6
149,Elvis Andrus,2022,33,2252,443,20,4.5,3.5,87.9,109.9,11.9,29.1,.245,.360,.310,.293,.316,34.8,15.9,6.8
150,Emmanuel Rivera,2022,26,1324,248,23,9.3,6.4,90.4,110.9,9.8,32.3,.238,.410,.306,.310,.370,38.3,23.1,6.4
151,Ender Inciarte,2022,31,31,8,0,0.0,0.0,74.0,96.4,-15.4,25.0,.202,.263,.110,.201,.201,12.5,0.0,0.0
152,Enrique Hernandez,2022,30,1490,294,17,5.8,4.2,87.8,112.3,17.3,33.3,.238,.357,.280,.297,.319,35.0,17.7,8.5
153,Eric Haase,2022,29,1376,229,20,8.7,5.7,87.7,109.9,17.0,32.3,.239,.399,.322,.302,.390,42.4,27.6,6.8
154,Eric Hosmer,2022,32,1617,317,18,5.7,4.3,88.4,112.9,3.1,29.3,.258,.379,.313,.311,.335,39.7,15.3,8.8
155,Ernie Clement,2022,26,629,140,5,3.6,2.8,85.0,107.3,11.8,27.1,.235,.328,.209,.277,.290,25.7,14.5,6.1
156,Esteban Quiroz,2022,30,185,32,1,3.1,2.1,81.6,101.9,11.3,43.8,.226,.297,.303,.290,.295,28.1,19.1,8.5
157,Estevan Florial,2022,24,140,18,1,5.6,2.9,85.6,107.6,14.3,16.7,.149,.256,.155,.235,.302,27.8,37.1,8.6
158,Eugenio Suarez,2022,30,2617,352,52,14.8,8.3,89.8,111.4,19.9,36.4,.220,.454,.344,.339,.446,43.5,31.2,11.6
159,Evan Longoria,2022,36,1187,186,23,12.4,7.7,91.1,109.6,18.2,33.3,.233,.437,.330,.324,.416,46.8,27.9,9.1
160,Ezequiel Duran,2022,23,790,154,7,4.5,3.2,85.9,110.2,9.5,24.7,.216,.317,.282,.256,.313,31.8,24.5,5.5
161,Ezequiel Tovar,2022,20,126,24,3,12.5,8.6,88.6,106.0,8.5,37.5,.249,.390,.261,.300,.380,33.3,25.7,5.7
162,Ford Proctor,2022,25,81,17,1,5.9,4.5,89.4,104.2,-10.5,29.4,.220,.302,.197,.296,.302,29.4,13.6,9.1
163,Franchy Cordero,2022,27,1091,154,19,12.3,6.9,89.7,117.9,12.7,39.0,.228,.402,.304,.313,.434,45.5,33.5,10.2
164,Francisco Lindor,2022,28,2829,504,42,8.3,5.9,89.3,110.7,13.8,29.2,.254,.427,.342,.331,.370,41.3,18.8,8.4
165,Francisco Mejia,2022,26,1094,225,6,2.7,2.0,86.8,108.5,15.7,39.1,.242,.329,.279,.262,.320,28.0,21.7,2.3
166,Frank Schwindel,2022,30,1138,215,10,4.7,3.4,88.1,109.3,10.2,31.6,.230,.351,.278,.278,.320,35.5,19.9,6.5
167,Franmil Reyes,2022,26,1853,284,32,11.3,6.8,92.0,112.4,9.9,27.8,.203,.358,.280,.275,.381,45.8,33.2,6.3
168,Freddie Freeman,2022,32,2755,517,51,9.9,7.2,91.3,112.3,13.6,42.9,.313,.538,.393,.403,.440,47.8,14.4,11.9
169,Gabriel Moreno,2022,22,265,61,2,3.3,2.7,89.2,109.2,5.9,29.5,.280,.368,.326,.305,.319,32.8,11.0,5.5
170,Garrett Cooper,2022,31,1861,300,32,10.7,6.8,89.6,112.6,8.8,39.0,.260,.436,.330,.341,.418,43.7,25.4,8.5
171,Garrett Hampson,2022,27,886,141,6,4.3,2.7,86.5,107.0,10.2,29.8,.202,.290,.267,.261,.312,27.7,27.9,9.3
172,Garrett Stubbs,2022,29,505,77,4,5.2,3.3,85.2,104.9,15.2,33.8,.207,.299,.355,.275,.307,27.3,24.8,11.6
173,Gary Sanchez,2022,29,1881,288,39,13.5,8.3,90.5,115.1,14.0,29.2,.220,.439,.290,.321,.412,49.3,28.9,8.5
174,Gavin Lux,2022,24,1844,329,20,6.1,4.2,88.0,108.1,6.8,34.0,.247,.372,.328,.314,.351,39.8,20.2,10.0
175,Gavin Sheets,2022,26,1699,294,19,6.5,4.6,88.6,109.7,14.8,32.3,.224,.359,.308,.283,.325,36.1,21.0,6.6
176,George Springer,2022,32,2175,418,35,8.4,6.0,88.7,113.6,13.9,31.8,.265,.437,.352,.342,.374,42.3,17.2,9.3
177,Geraldo Perdomo,2022,22,2061,342,7,2.0,1.4,85.0,104.7,12.1,28.1,.213,.282,.253,.269,.283,25.1,20.6,10.0
178,Giancarlo Stanton,2022,32,1841,264,51,19.3,11.3,95.0,119.8,10.8,26.9,.240,.474,.327,.350,.471,52.3,30.3,11.1
179,Gilberto Celestino,2022,23,1384,236,6,2.5,1.7,87.3,107.6,-1.9,27.1,.219,.294,.280,.270,.298,34.3,22.2,9.2
180,Gio Urshela,2022,30,2017,412,29,7.0,5.3,88.9,110.3,11.8,38.6,.268,.416,.332,.323,.362,37.6,17.4,7.4
181,Gleyber Torres,2022,25,2226,401,43,10.7,7.5,90.4,111.3,17.5,36.2,.244,.441,.328,.319,.385,45.3,22.6,6.8
182,Greg Allen,2022,29,531,80,2,2.5,1.5,87.6,105.7,8.5,25.0,.176,.246,.242,.229,.282,32.5,31.3,7.5
183,Gunnar Henderson,2022,21,539,82,8,9.8,6.1,92.4,111.1,2.0,25.6,.250,.432,.343,.338,.415,53.7,25.8,12.1
184,Ha-Seong Kim,2022,26,2359,424,18,4.2,3.1,86.7,109.4,16.1,34.0,.250,.368,.313,.309,.330,32.4,17.2,8.8
185,Harold Castro,2022,28,1660,346,21,6.1,4.7,87.0,107.3,11.4,41.6,.275,.423,.297,.316,.371,33.3,17.8,3.8
186,Harold Ramirez,2022,27,1578,335,16,4.8,3.7,88.5,113.7,4.8,32.2,.280,.387,.327,.314,.351,41.2,16.6,4.4
187,Harrison Bader,2022,28,1187,232,8,3.4,2.6,83.4,109.6,16.7,28.4,.234,.321,.286,.270,.307,26.3,19.8,4.8
188,Hoy Park,2022,26,237,40,4,10.0,6.7,85.1,103.9,10.3,20.0,.208,.344,.282,.269,.320,25.0,25.0,6.7
189,Hunter Dozier,2022,30,1938,338,26,7.7,5.2,88.5,110.7,13.1,33.1,.241,.387,.298,.301,.371,38.5,25.0,6.8
190,Hunter Renfroe,2022,30,2027,358,39,10.9,7.5,90.5,112.5,17.7,32.7,.240,.438,.347,.323,.390,43.6,23.2,7.5
191,Ian Happ,2022,27,2572,428,28,6.5,4.4,89.7,113.9,10.9,29.2,.239,.379,.339,.306,.359,40.4,23.2,9.0
192,Ildemaro Vargas,2022,30,794,188,4,2.1,1.8,87.0,109.2,7.4,28.2,.227,.305,.302,.255,.260,29.3,10.4,3.6
193,Isaac Paredes,2022,23,1617,266,17,6.4,4.5,87.4,110.4,15.8,27.4,.210,.348,.323,.297,.301,38.7,17.6,11.5
194,Isiah Kiner-Falefa,2022,27,1940,419,5,1.2,0.9,86.2,109.8,4.3,29.6,.262,.333,.285,.290,.304,30.1,13.6,6.6
195,Ivan Herrera,2022,22,98,12,0,0.0,0.0,85.2,104.6,8.1,16.7,.113,.140,.150,.164,.188,16.7,36.4,9.1
196,J.D. Davis,2022,29,1486,198,32,16.2,8.8,92.4,112.7,12.3,34.8,.245,.472,.333,.353,.494,56.1,33.4,10.7
197,J.D. Martinez,2022,34,2389,393,49,12.5,8.2,89.1,111.6,14.1,42.0,0.26,0.471,0.343,0.349,0.429,41.7,24.3,8.7
198,J.T. Realmuto,2022,31,2193,390,44,11.3,7.8,90.3,110.4,13.1,35.6,.275,.463,.354,.351,.412,47.2,21.2,7.3
199,JJ Bleday,2022,24,1029,139,12,8.6,5.0,86.3,107.9,25.0,37.4,.190,.315,.266,.280,.320,33.8,28.2,12.6
200,Jace Peterson,2022,32,1420,208,15,7.2,4.6,88.6,108.8,9.7,33.7,.231,.362,.306,.300,.361,36.1,25.9,10.1
201,Jack Mayfield,2022,31,255,53,1,1.9,1.4,84.5,103.6,13.5,24.5,.187,.257,.224,.221,.256,24.5,23.0,4.1
202,Jack Suwinski,2022,23,1572,213,26,12.2,7.0,88.3,112.4,14.3,26.3,.204,.393,.311,.307,.392,40.4,30.6,11.0
203,Jackie Bradley,2022,32,1387,269,13,4.8,3.5,87.6,107.6,7.4,29.4,.223,.330,.252,.268,.308,37.2,20.8,6.5
204,Jacob Stallings,2022,32,1474,266,9,3.4,2.3,86.7,109.5,12.9,33.5,.221,.312,.265,.274,.304,32.3,21.6,7.6
205,Jake Burger,2022,26,682,114,17,14.9,9.3,90.7,114.4,12.3,33.3,.225,.460,.327,.318,.438,43.0,30.6,5.5
206,Jake Cave,2022,29,710,117,12,10.3,6.8,90.7,108.9,14.4,38.5,.213,.395,.278,.285,.366,42.7,27.7,6.2
207,Jake Cronenworth,2022,28,2665,464,26,5.6,3.8,87.6,108.6,18.2,32.3,.221,.356,.318,.303,.318,34.1,19.2,10.2
208,Jake Fraley,2022,27,985,164,12,7.3,4.9,85.1,110.0,13.8,33.5,.248,.417,.352,.333,.382,27.6,21.9,10.5
209,Jake Lamb,2022,31,453,59,7,11.9,6.3,91.5,107.4,15.0,35.6,.215,.390,.314,.314,.426,44.1,34.2,9.9
210,Jake Marisnick,2022,31,288,54,4,7.4,4.9,88.4,110.2,19.9,33.3,.226,.361,.283,.270,.371,42.6,29.3,4.9
211,Jake McCarthy,2022,24,1263,249,12,4.8,3.4,87.4,108.3,8.0,32.5,.249,.357,.337,.298,.343,33.7,21.5,6.5
212,Jake Meyers,2022,26,635,97,5,5.2,3.1,87.3,107.8,7.2,30.9,.205,.292,.258,.251,.351,37.1,33.8,4.4
213,James McCann,2022,32,713,130,9,6.9,4.7,90.2,108.4,16.3,33.8,.240,.414,.243,.311,.376,40.8,24.1,5.8
214,James Outman,2022,25,63,6,0,0.0,0.0,99.6,109.5,16.5,50.0,.218,.324,.584,.319,.501,83.3,43.8,12.5
215,Jared Walsh,2022,28,1746,285,27,9.5,5.9,90.1,112.1,10.7,34.0,.221,.368,.278,.280,.376,42.5,30.4,5.9
216,Jarred Kelenic,2022,22,699,103,14,13.6,7.7,86.0,114.0,18.0,27.2,.172,.351,.238,.269,.358,35.0,33.7,8.8
217,Jarren Duran,2022,25,881,142,11,7.7,4.9,89.3,110.4,7.6,27.5,.219,.353,.284,.282,.355,38.0,28.3,6.3
218,Jason Castro,2022,35,369,39,2,5.1,2.3,88.6,108.7,10.0,35.9,.161,.280,.183,.239,.379,35.9,45.5,9.1
219,Jason Delay,2022,27,653,106,2,1.9,1.2,84.9,107.3,15.7,31.1,.200,.251,.243,.230,.290,28.3,29.9,5.4
220,Jason Heyward,2022,32,558,105,5,4.8,3.3,87.6,111.1,13.1,26.7,.218,.322,.253,.278,.306,38.1,21.2,7.3
221,Jason Vosler,2022,28,419,70,3,4.3,2.7,84.7,109.4,15.2,41.4,.244,.376,.349,.312,.381,25.7,26.1,9.0
222,Javier Baez,2022,29,2092,411,33,8.0,5.6,87.9,112.1,9.6,29.7,.230,.378,.291,.285,.356,38.0,24.9,4.4
223,Jaylin Davis,2022,27,128,13,0,0.0,0.0,88.2,108.1,7.1,53.8,.227,.272,.352,.272,.406,38.5,40.7,11.1
224,Jazz Chisholm,2022,24,950,150,25,16.7,10.4,90.4,109.6,15.5,37.3,.242,.473,.365,.345,.442,46.7,27.4,8.7
225,Jean Segura,2022,32,1406,297,13,4.4,3.4,87.6,111.0,4.3,28.3,.254,.363,.320,.303,.322,38.4,15.0,6.5
226,Jed Lowrie,2022,38,727,130,4,3.1,2.2,86.2,105.9,16.3,26.9,.197,.281,.230,.247,.270,30.8,21.2,8.2
227,Jeff McNeil,2022,30,2065,477,13,2.7,2.2,86.9,110.0,12.8,39.0,.280,.389,.365,.323,.325,30.2,10.4,6.8
228,Jeimer Candelario,2022,28,1739,324,27,8.3,5.8,87.2,111.3,13.5,37.0,.228,.379,.277,.292,.349,34.6,23.3,6.0
229,Jerar Encarnacion,2022,24,339,46,3,6.5,3.7,90.5,109.3,8.0,30.4,.184,.296,.236,.231,.362,41.3,39.5,3.7
230,Jeremy Pena,2022,24,2004,392,38,9.7,6.8,88.1,110.5,8.7,32.9,.248,.397,.309,.300,.376,36.7,24.2,3.9
231,Jesse Winker,2022,28,2229,356,27,7.6,4.9,87.7,110.0,16.8,32.0,.249,.403,.313,.345,.361,34.3,18.8,15.4
232,Jesus Aguilar,2022,32,2078,350,24,6.9,4.7,87.7,108.1,19.1,39.7,.240,.393,.288,.298,.364,36.0,23.5,5.5
233,Jesus Sanchez,2022,24,1391,222,22,9.9,6.4,89.5,114.7,11.0,25.7,.222,.379,.298,.295,.365,40.5,26.8,7.6
234,Ji Man Choi,2022,31,1840,236,28,11.9,6.7,92.2,111.1,10.6,37.3,.236,.413,.322,.337,.428,47.5,29.4,13.8
235,Jo Adell,2022,23,1175,162,16,9.9,5.6,87.4,112.2,16.7,33.3,.201,.315,.278,.251,.375,37.7,37.5,3.9
236,Joc Pederson,2022,30,1685,284,43,15.1,9.9,93.2,112.8,14.8,34.2,.266,.502,.373,.367,.443,52.1,23.1,9.7
237,Joey Bart,2022,25,1161,149,15,10.1,5.2,87.3,114.3,16.3,32.2,.210,.370,.294,.296,.439,43.0,38.5,8.9
238,Joey Gallo,2022,28,1725,188,33,17.6,8.0,89.6,113.0,23.8,29.3,.169,.373,.286,.295,.427,50.5,39.8,13.7
239,Joey Meneses,2022,30,938,172,17,9.9,7.1,91.4,110.9,9.5,39.0,.267,.457,.395,.332,.404,47.1,21.7,6.3
240,Joey Votto,2022,38,1505,225,25,11.1,6.6,89.7,111.9,14.2,32.9,.218,.390,.310,.322,.372,41.3,25.8,11.7
241,Joey Wendle,2022,32,1281,301,5,1.7,1.3,87.5,107.6,3.0,27.9,.250,.331,.289,.276,.294,36.2,13.5,4.0
242,Jon Berti,2022,32,1570,270,16,5.9,4.0,88.0,109.1,4.7,30.7,.236,.358,.298,.306,.343,37.0,22.0,10.4
243,Jonah Heim,2022,27,1759,321,22,6.9,4.9,89.3,112.4,17.0,29.6,.224,.361,.306,.291,.319,39.9,19.3,9.1
244,Jonathan Aranda,2022,24,334,55,4,7.3,4.6,91.1,108.0,5.9,29.1,.205,.348,.264,.279,.337,45.5,26.4,9.2
245,Jonathan India,2022,25,1733,292,14,4.8,3.2,85.1,111.3,14.5,36.0,.238,.353,.314,.301,.339,28.8,21.8,7.2
246,Jonathan Schoop,2022,30,1789,378,18,4.8,3.5,87.0,111.6,9.7,29.1,.228,.338,.245,.268,.318,38.6,21.0,3.7
247,Jonathan Villar,2022,31,877,146,4,2.7,1.8,89.6,109.5,-0.7,24.7,.208,.283,.250,.247,.304,40.4,26.8,6.8
248,Jordan Diaz,2022,21,162,42,0,0.0,0.0,86.9,104.0,-4.8,26.2,.208,.273,.275,.229,.245,31.0,13.7,3.9
249,Jordan Luplow,2022,28,1006,146,11,7.5,4.7,87.2,108.8,17.7,24.0,.198,.351,.281,.288,.331,32.9,25.6,10.7
250,Jorge Alfaro,2022,29,1008,161,18,11.2,6.6,89.4,115.2,8.0,38.5,.238,.397,.291,.295,.438,38.5,35.8,4.0
251,Jorge Mateo,2022,27,1982,352,21,6.0,3.9,86.8,111.3,14.8,35.5,.222,.344,.281,.272,.348,32.7,27.6,5.1
252,Jorge Polanco,2022,28,1900,284,29,10.2,6.5,89.0,111.0,21.7,37.7,.248,.451,.333,.358,.402,38.7,21.3,14.4
253,Jorge Soler,2022,30,1276,181,22,12.2,7.2,91.2,117.6,13.7,33.1,.226,.421,.305,.322,.415,43.6,29.4,10.1
254,Jose Abreu,2022,35,2730,495,47,9.5,6.9,92.2,113.0,8.0,34.5,.296,.486,.361,.373,.410,51.8,16.2,9.1
255,Jose Altuve,2022,32,2308,441,34,7.7,5.6,85.9,109.8,16.1,35.4,.269,.440,.397,.354,.367,29.7,14.4,10.9
256,Jose Azocar,2022,26,768,160,4,2.5,1.9,88.3,108.2,9.4,31.3,.246,.323,.278,.277,.323,30.6,20.4,5.6
257,Jose Barrero,2022,24,679,89,2,2.2,1.1,87.5,108.6,17.7,33.7,.140,.211,.183,.180,.284,35.2,43.7,5.2
258,Jose Herrera,2022,25,475,81,0,0.0,0.0,84.7,104.0,3.0,23.5,.152,.180,.213,.186,.209,11.1,27.4,7.3
259,Jose Iglesias,2022,32,1738,386,2,0.5,0.4,83.8,109.9,6.0,30.6,.266,.323,.312,.281,.294,27.7,12.0,3.6
260,Jose Miranda,2022,24,1812,354,22,6.2,4.6,89.3,109.4,13.8,34.2,.253,.410,.329,.317,.358,42.4,18.8,5.8
261,Jose Ramirez,2022,29,2742,528,35,6.6,5.1,87.7,114.2,20.7,33.7,.255,.408,.363,.320,.331,36.9,12.0,10.1
262,Jose Siri,2022,26,1265,194,12,6.2,3.7,87.2,112.0,15.4,35.1,.207,.323,.268,.261,.355,33.0,33.2,6.2
263,Jose Trevino,2022,29,1259,274,14,5.1,4.0,87.9,109.4,13.0,31.0,.239,.364,.293,.281,.319,35.0,17.6,4.2
264,Josh Bell,2022,29,2505,456,33,7.2,5.1,88.9,112.2,8.4,30.7,.273,.424,.344,.349,.366,40.8,15.8,12.5
265,Josh Donaldson,2022,36,2176,336,33,9.8,6.0,90.7,111.7,12.0,34.8,.215,.370,.302,.299,.360,43.3,27.1,9.9
266,Josh H.,2022,24,1048,168,4,2.4,1.6,87.0,105.4,19.2,34.5,.224,.313,.262,.296,.301,28.6,19.8,11.1
267,Josh Harrison,2022,34,1533,319,12,3.8,2.8,87.4,106.0,14.7,32.0,.233,.335,.305,.284,.302,32.3,16.7,4.9
268,Josh Jung,2022,24,394,59,6,10.2,5.9,85.5,108.3,14.3,40.7,.225,.403,.280,.287,.450,32.2,38.2,3.9
269,Josh Lowe,2022,24,851,116,6,5.2,3.0,88.3,107.4,11.4,47.4,.212,.339,.276,.272,.373,37.1,33.3,7.6
270,Josh Naylor,2022,25,1768,374,32,8.6,6.4,89.4,113.0,10.3,28.9,.257,.430,.331,.327,.358,42.8,16.1,7.6
271,Josh Palacios,2022,26,209,32,0,0.0,0.0,81.3,104.0,4.9,28.1,.213,.252,.225,.225,.301,31.3,30.6,2.0
272,Josh Rojas,2022,28,2033,355,16,4.5,3.1,88.8,109.1,11.9,33.5,.239,.361,.326,.305,.330,36.1,19.2,10.8
273,Josh VanMeter,2022,27,804,128,6,4.7,3.1,88.1,104.9,14.3,37.5,.224,.341,.251,.288,.330,33.6,23.4,9.9
274,Juan Soto,2022,23,2765,428,53,12.4,8.0,91.0,113.2,9.1,28.5,.266,.501,.376,.401,.402,47.4,14.5,20.3
275,Juan Yepez,2022,24,1035,196,18,9.2,6.6,86.5,114.4,17.1,33.2,.216,.394,.319,.286,.340,33.7,22.3,5.8
276,Julio Rodriguez,2022,21,2084,367,48,13.1,8.6,92.0,117.2,10.1,32.7,.254,.460,.366,.337,.428,50.7,25.9,7.1
277,Jurickson Profar,2022,29,2790,478,19,4.0,2.9,87.5,109.4,12.9,34.7,.251,.359,.320,.315,.323,34.3,15.7,11.1
278,Justin Turner,2022,37,2144,387,31,8.0,5.8,89.5,108.9,18.4,40.6,.267,.427,.343,.339,.367,40.6,16.7,9.4
279,Ke'Bryan Hayes,2022,25,2227,385,15,3.9,2.7,91.0,113.0,5.2,30.6,.250,.354,.294,.303,.347,46.8,21.8,8.6
280,Keibert Ruiz,2022,23,1538,347,13,3.7,3.0,88.0,109.4,14.9,36.3,.277,.403,.299,.328,.338,32.3,11.5,6.9
281,Kerry Carpenter,2022,24,432,72,8,11.1,7.1,87.2,107.3,14.5,37.5,.211,.397,.342,.294,.374,36.1,28.3,5.3
282,Keston Hiura,2022,25,1146,124,19,15.3,7.1,91.7,111.0,16.1,41.1,.205,.425,.334,.317,.507,45.2,41.7,8.6
283,Ketel Marte,2022,28,2159,396,24,6.1,4.3,90.1,115.0,13.5,31.6,.251,.377,.317,.315,.341,41.9,18.1,9.9
284,Kevin Kiermaier,2022,32,831,145,10,6.9,4.5,87.9,109.8,5.3,33.8,.250,.388,.286,.305,.393,38.6,27.6,6.3
285,Kevin Newman,2022,28,1080,243,4,1.6,1.3,85.8,108.2,13.1,31.7,.260,.332,.303,.285,.312,27.2,15.5,5.2
286,Kevin Plawecki,2022,31,698,138,0,0.0,0.0,89.3,109.2,11.4,28.3,.228,.299,.259,.268,.281,37.7,17.2,7.5
287,Kevin Smith,2022,25,564,102,8,7.8,5.3,87.0,110.1,16.4,32.4,.189,.322,.226,.239,.308,33.3,27.8,4.6
288,Enrique Hern√°ndez,2022,30,1490,294,17,5.8,4.2,87.8,112.3,17.3,33.3,.238,.357,.280,.297,.319,35.0,17.7,8.5
289,Kody Clemens,2022,26,509,86,5,5.8,3.9,89.4,108.9,17.4,26.7,.193,.325,.220,.249,.304,37.2,26.0,6.3
290,Kole Calhoun,2022,34,1700,255,25,9.8,5.9,90.8,109.9,15.4,40.4,.223,.382,.260,.294,.399,48.2,32.1,6.4
291,Kolten Wong,2022,31,2049,349,19,5.4,3.8,87.0,109.7,14.0,33.5,.235,.353,.336,.305,.318,35.5,17.7,9.3
292,Kris Bryant,2022,30,696,135,9,6.7,5.0,85.0,107.9,13.5,31.9,.279,.426,.370,.344,.364,29.6,14.9,9.4
293,Kurt Suzuki,2022,38,593,113,4,3.5,2.5,85.2,104.2,24.1,31.0,.191,.281,.254,.255,.255,26.5,18.2,9.4
294,Kyle Farmer,2022,31,2145,435,19,4.4,3.3,85.5,106.6,12.7,37.7,.258,.380,.309,.311,.339,33.8,17.0,5.7
295,Kyle Garlick,2022,30,602,103,10,9.7,6.2,90.2,110.2,15.1,36.9,.227,.423,.311,.305,.405,47.6,29.6,4.9
296,Kyle Isbel,2022,25,1074,184,9,4.9,3.2,89.7,111.2,10.6,30.4,.220,.323,.265,.266,.330,44.6,27.0,5.8
297,Kyle Schwarber,2022,29,2878,379,76,20.1,11.4,93.3,114.8,19.2,35.4,.237,.535,.355,.375,.501,54.4,29.9,12.9
298,Kyle Stowers,2022,24,368,62,7,11.3,7.1,91.1,110.1,16.0,38.7,.266,.447,.316,.335,.450,50.0,29.6,5.1
299,Kyle Tucker,2022,25,2262,451,46,10.2,7.6,90.0,111.3,19.0,34.4,.262,.482,.348,.353,.386,42.4,15.6,9.7
300,LaMonte Wade,2022,28,992,169,16,9.5,6.4,87.7,109.3,21.1,33.7,.221,.407,.298,.321,.349,34.3,20.3,10.4
301,Lane Thomas,2022,26,2204,371,24,6.5,4.4,86.4,110.1,12.5,32.6,.222,.357,.308,.286,.339,34.5,24.1,7.5
302,Lars Nootbaar,2022,24,1389,224,27,12.1,7.8,91.7,113.0,10.7,30.4,.247,.414,.342,.346,.377,46.0,20.5,14.7
303,Leody Taveras,2022,23,1274,230,10,4.3,2.9,89.3,112.9,12.0,28.7,.230,.322,.297,.270,.332,36.1,25.8,6.2
304,Leury Garcia,2022,31,1155,240,10,4.2,3.2,87.0,109.2,6.2,30.0,.233,.325,.221,.258,.310,35.6,20.6,2.2
305,Lewin Diaz,2022,25,732,108,6,5.6,3.4,88.3,112.0,15.6,29.6,.167,.262,.228,.219,.276,28.7,31.0,6.3
306,Livan Soto,2022,22,223,44,0,0.0,0.0,83.8,101.2,19.8,40.9,.279,.332,.424,.281,.349,15.9,22.0,3.4
307,Lorenzo Cain,2022,36,623,110,0,0.0,0.0,87.9,108.9,3.8,21.8,.200,.253,.212,.230,.262,36.4,23.1,5.1
308,Lourdes Gurriel,2022,28,1852,372,14,3.8,2.8,90.6,109.5,10.9,34.7,.273,.400,.327,.321,.356,45.7,16.8,6.3
309,Luis Arraez,2022,25,2413,507,18,3.6,3.0,88.9,107.3,12.9,38.7,.288,.408,.350,.333,.326,30.2,7.1,8.3
310,Luis Barrera,2022,26,316,61,2,3.3,2.4,87.1,107.3,5.1,32.8,.213,.310,.280,.261,.285,32.8,20.0,7.1
311,Luis Garcia,2022,22,1323,281,21,7.5,5.6,87.3,113.4,5.5,37.4,.260,.409,.303,.305,.381,36.7,22.3,2.9
312,Luis Gonzalez,2022,26,1472,241,7,2.9,2.0,86.9,109.7,10.9,27.0,.215,.306,.299,.268,.294,32.0,21.4,8.6
313,Luis Guillorme,2022,27,1373,253,6,2.4,1.8,86.2,110.2,4.3,35.6,.255,.335,.311,.302,.303,24.9,13.7,10.1
314,Luis Rengifo,2022,25,1818,411,22,5.4,4.3,86.9,109.3,9.9,31.1,.254,.392,.314,.296,.333,33.6,15.5,3.3
315,Luis Robert,2022,24,1349,304,27,8.9,6.7,89.3,117.8,10.0,32.6,.272,.449,.324,.327,.387,42.8,19.2,4.2
316,Luis Torrens,2022,26,677,103,5,4.9,3.0,90.3,107.8,8.9,34.0,.236,.333,.261,.284,.371,46.6,30.1,7.2
317,Luis Urias,2022,25,1974,312,26,8.3,5.5,87.3,109.7,18.0,34.3,.238,.398,.327,.326,.358,35.3,21.0,10.6
318,Luke Maile,2022,31,821,130,7,5.4,3.4,84.5,106.5,17.0,33.8,.194,.301,.281,.263,.300,25.4,26.2,9.2
319,Luke Raley,2022,27,282,38,5,13.2,6.9,90.1,110.9,16.9,31.6,.177,.296,.271,.286,.357,39.5,33.3,9.7
320,Luke Voit,2022,31,2248,327,48,14.7,8.5,89.8,111.3,18.4,34.6,.222,.434,.311,.322,.430,44.3,31.5,9.7
321,MJ Melendez,2022,23,2196,336,35,10.4,6.6,90.7,110.8,15.1,31.0,.237,.410,.310,.332,.392,43.5,24.5,12.4
322,Magneuris Sierra,2022,26,346,67,0,0.0,0.0,82.2,107.7,7.2,22.4,.197,.234,.195,.212,.263,16.4,26.0,4.2
323,Maikel Franco,2022,29,1418,299,14,4.7,3.6,87.0,112.1,11.5,33.1,.243,.351,.261,.272,.321,34.4,19.3,3.1
324,Manny Machado,2022,29,2371,447,44,9.8,6.8,91.5,112.4,16.0,36.7,.264,.447,.382,.338,.396,49.0,20.7,9.8
325,Manny Pina,2022,35,65,14,1,7.1,5.9,81.9,104.1,9.0,14.3,.192,.405,.187,.298,.258,21.4,5.9,5.9
326,Manuel Margot,2022,27,1397,269,10,3.7,2.8,89.5,110.4,10.2,30.9,.264,.357,.308,.299,.339,37.9,18.7,6.6
327,Marcell Ozuna,2022,31,2023,352,46,13.1,9.1,89.4,113.9,16.5,31.8,.256,.478,.298,.337,.421,43.8,24.1,6.1
328,Marcus Semien,2022,31,2776,547,37,6.8,5.1,87.3,110.1,19.9,32.4,.243,.394,.317,.306,.333,34.9,16.6,7.3
329,Mark Canha,2022,33,2218,369,18,4.9,3.3,87.7,108.0,10.9,32.2,.245,.362,.343,.323,.332,36.6,17.9,8.9
330,Mark Kolozsvary,2022,26,77,11,1,9.1,4.8,88.3,104.2,-1.8,45.5,.192,.304,.294,.236,.388,45.5,42.9,4.8
331,Mark Mathias,2022,27,404,52,6,11.5,6.6,90.2,109.1,11.8,34.6,.214,.384,.353,.298,.402,46.2,33.0,9.9
332,Mark Vientos,2022,22,183,24,2,8.3,4.9,93.3,111.9,13.1,16.7,.187,.329,.252,.280,.335,45.8,29.3,12.2
333,Martin Maldonado,2022,35,1504,234,19,8.1,5.0,88.4,109.2,14.7,31.6,.181,.325,.264,.253,.326,40.2,30.6,5.8
334,Marwin Gonzalez,2022,33,822,135,8,5.9,3.9,88.0,107.0,19.4,34.1,.217,.345,.257,.282,.341,37.3,26.1,6.8
335,Matt Beaty,2022,29,177,35,0,0.0,0.0,83.6,105.4,10.5,22.9,.199,.257,.158,.243,.245,31.4,17.0,4.3
336,Matt Carpenter,2022,36,723,95,13,13.7,8.4,89.8,107.7,22.4,41.1,.230,.484,.472,.360,.413,42.1,22.7,12.3
337,Matt Chapman,2022,29,2637,373,48,12.9,7.7,92.2,112.7,19.0,34.0,.234,.440,.331,.341,.425,51.2,27.4,11.0
338,Matt Duffy,2022,31,934,178,5,2.8,2.0,87.1,105.8,9.9,38.8,.234,.333,.279,.280,.315,25.8,20.2,6.9
339,Matt Olson,2022,28,2893,450,61,13.6,8.7,92.9,116.8,16.1,33.8,.248,.467,.344,.347,.422,50.9,24.3,10.7
340,Matt Reynolds,2022,31,1080,167,5,3.0,1.8,90.2,106.7,5.6,36.5,.215,.305,.293,.272,.331,42.4,28.7,9.6
341,Matt Thaiss,2022,27,324,46,3,6.5,3.7,88.5,107.2,7.5,21.7,.212,.325,.286,.289,.352,37.0,29.6,13.6
342,Matt Vierling,2022,25,1404,261,13,5.0,3.6,91.2,112.1,12.0,35.2,.279,.408,.285,.327,.379,47.1,19.6,6.4
343,Matt Wallner,2022,24,257,32,3,9.4,4.6,87.5,113.8,12.9,21.9,.175,.265,.311,.245,.338,53.1,38.5,9.2
344,Matthew Batten,2022,27,91,13,0,0.0,0.0,86.3,105.0,3.4,38.5,.193,.251,.193,.262,.282,30.8,27.3,9.1
345,Mauricio Dubon,2022,27,933,221,5,2.3,1.9,84.7,107.6,16.7,28.1,.240,.331,.248,.272,.282,29.9,11.3,4.9
346,Max Kepler,2022,29,1656,326,23,7.1,5.2,89.1,113.8,11.2,31.9,.266,.412,.298,.338,.349,39.9,14.8,11.0
347,Max Muncy,2022,31,2436,329,44,13.4,7.8,90.3,111.2,20.9,34.3,.208,.417,.318,.339,.383,45.6,25.0,15.9
348,Max Schrock,2022,27,87,20,0,0.0,0.0,82.8,102.0,19.4,25.0,.189,.237,.156,.203,.240,25.0,22.2,3.7
349,Max Stassi,2022,31,1436,223,21,9.4,5.6,88.6,107.5,9.5,26.0,.180,.325,.258,.266,.325,39.5,29.9,10.1
350,Meibrys Viloria,2022,25,347,35,3,8.6,4.0,88.4,105.2,5.6,31.4,.142,.247,.256,.243,.304,37.1,38.7,14.7
351,Michael A.,2022,31,1717,310,21,6.8,4.6,86.3,109.4,12.1,33.5,.223,.358,.297,.289,.344,32.9,23.9,7.7
352,Michael Brantley,2022,35,1006,215,13,6.0,4.7,89.8,108.2,10.7,39.5,.310,.467,.345,.374,.383,45.1,10.8,11.2
353,Michael Chavis,2022,26,1524,279,21,7.5,4.9,85.4,111.3,11.1,33.0,.217,.336,.282,.261,.348,38.7,29.6,4.5
354,Michael Harris,2022,21,1655,308,31,10.1,7.0,89.5,112.8,4.5,32.8,.268,.460,.368,.335,.422,45.1,24.3,4.8
355,Michael Hermosillo,2022,27,296,35,3,8.6,4.1,86.6,108.2,17.4,37.1,.169,.247,.203,.259,.322,31.4,37.0,9.6
356,Michael Massey,2022,24,719,131,17,13.0,8.8,89.3,108.8,16.4,35.1,.243,.450,.302,.332,.402,38.2,23.7,4.6
357,Michael Papierski,2022,26,409,67,0,0.0,0.0,77.4,101.7,12.2,28.4,.171,.204,.197,.217,.231,9.0,25.2,9.7
358,Michael Perez,2022,29,492,90,7,7.8,5.3,88.8,105.3,18.3,35.6,.205,.359,.228,.276,.329,36.7,24.2,7.6
359,Michael Stefanic,2022,26,251,50,1,2.0,1.4,84.8,104.2,5.0,28.0,.217,.279,.239,.266,.269,22.0,17.4,7.2
360,Michael Toglia,2022,23,478,67,5,7.5,4.2,87.4,110.6,17.0,32.8,.218,.305,.285,.261,.375,40.3,36.7,7.5
361,Mickey Moniak,2022,24,412,63,5,7.9,4.5,84.9,107.9,19.1,22.2,.155,.262,.223,.203,.307,31.7,39.3,3.6
362,Miguel Andujar,2022,27,511,108,4,3.7,2.9,84.4,110.4,9.2,34.3,.253,.351,.247,.281,.333,31.5,19.3,3.6
363,Miguel Cabrera,2022,39,1643,301,14,4.7,3.2,89.9,111.0,5.0,35.2,.234,.331,.275,.275,.329,38.2,23.3,6.5
364,Miguel Rojas,2022,33,1816,414,8,1.9,1.6,86.1,109.1,10.1,33.1,.264,.347,.268,.293,.306,27.1,12.0,5.1
365,Miguel Sano,2022,29,326,36,5,13.9,7.0,93.9,108.0,30.0,30.6,.167,.336,.176,.302,.404,52.8,35.2,12.7
366,Mike Brosseau,2022,28,686,93,8,8.6,5.0,89.1,104.1,14.6,34.4,.213,.359,.338,.300,.373,41.9,30.0,8.8
367,Mike Ford,2022,29,623,91,3,3.3,2.0,88.7,110.4,18.1,37.4,.210,.302,.280,.278,.318,33.0,26.8,11.4
368,Mike Moustakas,2022,33,1150,180,11,6.1,3.9,87.6,111.7,19.4,36.1,.195,.307,.286,.270,.311,33.9,26.3,8.4
369,Mike Trout,2022,30,2105,300,59,19.7,11.8,91.6,114.4,24.6,37.7,.265,.583,.418,.395,.527,51.0,27.9,10.8
370,Mike Yastrzemski,2022,31,2349,351,39,11.1,7.0,89.9,109.7,19.9,36.2,.220,.392,.307,.314,.369,42.5,25.3,10.9
371,Mike Zunino,2022,31,482,70,6,8.6,4.9,91.8,115.0,20.8,34.3,.182,.329,.219,.252,.374,41.4,37.4,4.9
372,Mitch Garver,2022,31,943,137,12,8.8,5.6,88.9,111.4,18.4,37.2,.222,.405,.308,.319,.374,38.7,24.7,10.7
373,Mitch Haniger,2022,31,996,161,19,11.8,7.7,91.9,111.0,18.2,31.1,.245,.450,.319,.328,.416,47.2,26.3,8.1
374,Mookie Betts,2022,29,2428,472,46,9.7,7.2,90.5,109.0,18.6,36.2,.254,.465,.373,.344,.373,44.9,16.3,8.6
375,Myles Straw,2022,27,2360,454,3,0.7,0.5,87.0,104.8,9.8,34.1,.236,.301,.257,.275,.278,26.5,14.6,9.1
376,Nate Eaton,2022,25,479,80,4,5.0,3.3,85.8,107.0,13.6,43.8,.233,.352,.313,.297,.350,27.5,24.6,8.2
377,Nathaniel Lowe,2022,26,2525,446,44,9.9,6.8,90.2,113.0,8.2,34.1,.275,.459,.368,.344,.419,44.8,22.8,7.4
378,Nelson Cruz,2022,41,1992,332,31,9.3,6.1,90.9,113.8,7.2,28.0,.241,.399,.292,.320,.377,46.1,23.5,9.7
379,Nelson Velazquez,2022,23,810,120,16,13.3,7.8,89.2,111.2,12.3,35.0,.209,.399,.291,.305,.405,43.6,31.6,9.2
380,Nick Allen,2022,23,1154,242,3,1.2,0.9,83.9,104.6,7.6,26.0,.210,.266,.245,.238,.264,22.3,19.6,5.8
381,Nick Castellanos,2022,30,2066,396,26,6.6,4.7,87.5,110.1,14.6,36.9,.250,.395,.304,.302,.370,35.1,23.3,5.2
382,Nick Fortes,2022,25,850,172,12,7.0,5.0,89.3,108.4,15.4,30.2,.249,.398,.308,.319,.353,37.8,18.8,7.5
383,Nick Gordon,2022,26,1550,309,29,9.4,6.5,90.6,110.7,12.5,36.6,.261,.464,.321,.333,.413,44.7,23.7,4.3
384,Nick Madrigal,2022,25,871,184,0,0.0,0.0,85.9,106.5,-0.2,26.6,.256,.311,.267,.283,.286,24.6,11.8,6.1
385,Nick Maton,2022,25,365,45,3,6.7,3.5,86.6,107.3,18.6,37.8,.217,.357,.364,.306,.410,31.1,34.1,11.8
386,Nick Plummer,2022,25,96,17,2,11.8,6.5,89.1,112.8,7.8,47.1,.200,.396,.248,.280,.428,41.2,38.7,3.2
387,Nick Pratto,2022,23,787,96,12,12.5,6.6,86.0,109.0,19.7,34.4,.173,.322,.287,.267,.364,36.5,36.3,10.4
388,Nick Senzel,2022,27,1473,300,10,3.3,2.4,87.2,109.5,11.7,35.0,.249,.355,.272,.299,.329,33.9,18.1,7.1
389,Nick Solak,2022,27,357,64,5,7.8,5.3,86.7,111.1,5.7,28.1,.242,.409,.291,.335,.366,34.4,20.0,7.4
390,Nicky Lopez,2022,27,1762,384,6,1.6,1.3,84.9,106.7,4.9,31.3,.243,.312,.251,.273,.282,22.9,13.1,6.0
391,Nico Hoerner,2022,25,1831,426,11,2.6,2.1,87.2,109.7,10.6,32.4,.270,.367,.320,.301,.314,33.5,11.0,5.4
392,Nolan Arenado,2022,31,2330,489,40,8.2,6.5,88.8,111.4,21.7,35.4,.266,.445,.381,.339,.349,38.9,11.6,8.4
393,Nolan Gorman,2022,22,1317,180,26,14.4,8.3,89.2,110.6,20.0,46.7,.239,.476,.316,.341,.479,43.3,32.9,8.9
394,Nolan Jones,2022,24,399,55,8,14.5,8.5,89.3,111.8,15.9,49.1,.254,.436,.297,.325,.461,49.1,33.0,8.5
395,Nomar Mazara,2022,27,714,119,5,4.2,2.9,86.1,110.4,17.6,35.3,.250,.357,.297,.294,.352,32.8,23.4,5.8
396,Odubel Herrera,2022,30,737,144,7,4.9,3.6,86.9,111.2,4.0,24.3,.225,.348,.287,.272,.320,37.5,21.3,5.6
397,Omar Narvaez,2022,30,1182,207,5,2.4,1.7,84.7,106.4,17.7,36.7,.207,.293,.269,.268,.278,18.4,19.3,9.8
398,Oneil Cruz,2022,23,1459,206,32,15.5,8.9,91.9,122.4,8.3,30.6,.223,.410,.320,.304,.439,46.1,34.9,7.8
399,Orlando Arcia,2022,27,920,160,12,7.5,5.1,90.7,107.9,11.7,30.0,.253,.421,.321,.329,.382,42.5,21.8,9.0
400,Oscar Gonzalez,2022,24,1409,289,21,7.3,5.5,88.6,113.3,5.4,32.5,.279,.422,.339,.320,.383,40.1,19.6,3.9
401,Oscar Mercado,2022,27,471,93,6,6.5,4.7,86.3,106.3,22.2,33.3,.203,.350,.266,.258,.310,29.0,22.7,3.9
402,Oswald Peraza,2022,22,160,40,2,5.0,3.5,81.6,104.6,5.4,25.0,.276,.374,.371,.343,.349,30.0,15.8,10.5
403,Oswaldo Cabrera,2022,23,716,112,7,6.3,4.1,86.8,107.5,21.5,41.1,.220,.361,.322,.287,.347,34.8,25.7,8.8
404,Otto Lopez,2022,23,36,8,0,0.0,0.0,85.5,102.9,4.2,37.5,.283,.308,.599,.302,.292,37.5,10.0,10.0
405,Owen Miller,2022,25,1836,340,12,3.5,2.5,85.8,109.1,10.1,35.0,.246,.341,.287,.291,.325,31.2,19.7,6.8
406,Ozzie Albies,2022,25,1027,204,11,5.4,4.1,87.1,106.6,16.9,34.8,.236,.383,.305,.294,.327,26.5,17.5,5.9
407,P.J. Higgins,2022,29,916,147,5,3.4,2.2,86.0,104.3,8.7,34.7,.205,.287,.306,.264,.300,25.5,25.3,9.6
408,Patrick Mazeika,2022,28,284,61,2,3.3,2.8,84.5,102.2,15.4,29.5,.188,.284,.222,.218,.235,18.0,12.5,2.8
409,Patrick Wisdom,2022,30,2233,289,41,14.2,7.7,90.7,112.6,21.0,29.8,.188,.380,.316,.295,.399,46.3,34.3,9.9
410,Paul DeJong,2022,28,977,133,13,9.8,5.5,87.6,110.3,21.7,25.6,.182,.327,.241,.267,.345,37.6,33.3,8.9
411,Paul Goldschmidt,2022,34,2701,424,49,11.6,7.5,90.8,112.3,15.7,31.8,.261,.482,.419,.367,.426,47.4,21.7,12.1
412,Pavin Smith,2022,26,1109,181,18,9.9,6.5,87.9,109.2,15.2,28.7,.213,.375,.294,.301,.353,35.9,24.2,10.1
413,Payton Henry,2022,25,133,20,0,0.0,0.0,79.5,103.0,-7.4,15.0,.187,.203,.241,.279,.244,10.0,22.9,14.3
414,Pedro Severino,2022,28,95,11,0,0.0,0.0,86.7,107.5,16.3,36.4,.150,.198,.303,.227,.246,18.2,33.3,14.3
415,Pete Alonso,2022,27,2507,478,59,12.3,8.6,89.8,116.5,18.2,34.5,.262,.486,.366,.353,.403,44.8,18.7,9.8
416,Peyton Burdick,2022,25,401,57,6,10.5,5.9,90.0,109.8,18.0,35.1,.205,.387,.294,.296,.408,38.6,34.3,7.8
417,Rafael Devers,2022,25,2232,444,51,11.5,8.3,93.1,113.7,11.3,33.1,.282,.497,.373,.361,.420,50.9,18.6,8.1
418,Rafael Ortega,2022,31,1517,250,12,4.8,3.2,87.2,108.4,17.1,37.6,.241,.346,.305,.307,.331,33.7,19.9,11.9
419,Raimel Tapia,2022,28,1578,334,17,5.1,3.9,87.6,111.7,4.0,27.5,.261,.371,.293,.290,.342,38.0,18.7,3.7
420,Ramon Laureano,2022,27,1514,242,28,11.6,7.3,88.7,110.2,14.9,28.9,.219,.402,.294,.307,.380,38.4,27.2,6.5
421,Ramon Urias,2022,28,1645,312,30,9.6,6.7,89.4,110.0,11.0,32.1,.250,.420,.313,.320,.381,46.5,22.0,6.7
422,Randal Grichuk,2022,30,1977,381,26,6.8,4.8,90.0,111.6,8.7,27.3,.229,.370,.315,.281,.343,43.6,23.6,4.5
423,Randy Arozarena,2022,27,2527,432,34,7.9,5.3,89.9,114.1,8.8,28.2,.234,.382,.336,.301,.360,41.0,24.2,7.1
424,Reese McGuire,2022,27,967,202,5,2.5,1.8,87.0,109.6,14.1,33.2,.233,.326,.297,.267,.311,29.7,20.4,4.4
425,Rhys Hoskins,2022,29,2897,424,47,11.1,7.0,90.1,112.2,18.1,37.3,.239,.445,.345,.338,.408,44.3,25.1,10.7
426,Richie Palacios,2022,25,513,93,1,1.1,0.8,85.0,104.7,13.5,26.9,.244,.310,.258,.277,.296,21.5,16.3,7.3
427,Riley Adams,2022,26,612,96,9,9.4,5.8,90.2,115.0,13.5,25.0,.200,.354,.249,.276,.353,45.8,29.7,7.7
428,Riley Greene,2022,21,1716,259,24,9.3,5.7,89.5,112.1,2.8,32.0,.246,.388,.303,.316,.406,45.2,28.7,8.6
429,Rob Refsnyder,2022,31,732,110,12,10.9,6.8,89.9,109.9,13.1,49.1,.286,.472,.381,.374,.469,44.5,26.0,8.5
430,Robbie Grossman,2022,32,1942,286,10,3.5,2.1,86.7,105.8,21.1,38.5,.205,.305,.283,.281,.319,30.4,27.0,11.7
431,Roberto Perez,2022,33,308,35,4,11.4,5.8,89.3,109.8,5.4,42.9,.212,.376,.315,.308,.430,51.4,36.2,13.0
432,Robinson Cano,2022,39,382,75,3,4.0,2.9,88.2,112.0,5.8,29.3,.209,.299,.169,.237,.293,41.3,24.0,3.8
433,Robinson Chirinos,2022,38,853,130,9,6.9,4.1,84.8,107.6,17.6,30.8,.168,.281,.251,.245,.293,33.1,30.5,8.6
434,Rodolfo Castro,2022,23,1047,180,12,6.7,4.3,87.3,111.6,11.7,25.6,.210,.354,.314,.280,.344,35.0,26.7,7.9
435,Roman Quinn,2022,29,347,43,2,4.7,2.3,91.3,107.4,23.3,30.2,.188,.268,.266,.244,.365,41.9,41.4,8.0
436,Romy Gonzalez,2022,25,393,67,6,9.0,5.5,91.2,110.5,3.3,29.9,.228,.359,.264,.265,.401,49.3,35.8,1.8
437,Ronald Acuna,2022,24,2162,344,44,12.8,8.3,91.2,116.6,10.8,32.8,.272,.484,.335,.365,.444,49.7,23.6,9.9
438,Rougned Odor,2022,28,1761,321,21,6.5,4.4,87.8,109.7,21.5,30.5,.207,.339,.278,.277,.318,33.3,23.1,6.8
439,Rowdy Tellez,2022,27,2392,411,53,12.9,8.8,91.1,116.9,15.3,31.4,.252,.479,.327,.349,.404,46.0,20.2,10.4
440,Royce Lewis,2022,23,141,35,2,5.7,4.9,90.7,114.0,19.4,31.4,.278,.450,.370,.322,.358,40.0,12.2,2.4
441,Ryan Jeffers,2022,25,948,151,20,13.2,8.5,88.2,113.2,18.2,35.8,.218,.424,.287,.315,.388,42.4,26.3,9.7
442,Ryan Kreidler,2022,24,354,55,4,7.3,4.8,88.2,102.4,14.8,34.5,.211,.340,.218,.273,.331,32.7,26.2,7.1
443,Ryan McKenna,2022,25,597,104,10,9.6,5.8,86.7,109.1,15.4,37.5,.210,.334,.279,.267,.362,30.1,32.0,6.4
444,Ryan McMahon,2022,27,2559,374,39,10.4,6.5,91.7,113.7,10.8,36.4,.247,.423,.326,.330,.407,46.5,26.5,10.1
445,Ryan Mountcastle,2022,25,2340,408,61,15.0,10.0,91.3,112.0,15.9,39.5,.277,.509,.316,.362,.463,46.3,25.3,7.1
446,Ryan O'Hearn,2022,28,547,100,7,7.0,4.8,92.1,110.5,13.4,38.0,.271,.425,.272,.327,.405,48.0,24.1,5.5
447,Salvador Perez,2022,32,1700,339,38,11.2,8.0,91.4,112.5,17.8,34.8,.245,.473,.324,.326,.405,49.0,23.0,3.8
448,Sam Haggerty,2022,28,735,126,5,4.0,2.5,86.0,109.0,13.6,32.5,.230,.330,.320,.285,.344,24.6,26.4,9.0
449,Sam Hilliard,2022,28,870,119,11,9.2,5.5,92.0,115.1,13.4,27.7,.216,.361,.251,.303,.370,48.7,28.5,11.5
450,Sam Huff,2022,24,501,79,8,10.1,6.1,88.9,112.9,9.7,35.4,.226,.385,.296,.294,.400,36.7,31.8,8.3
451,Sandy Leon,2022,33,387,46,0,0.0,0.0,84.3,104.0,21.4,39.1,.187,.238,.246,.263,.299,26.1,31.4,15.1
452,Santiago Espinal,2022,27,1912,385,13,3.4,2.6,86.1,107.5,14.1,33.8,.263,.348,.305,.298,.313,31.7,13.8,7.3
453,Sean Bouchard,2022,26,418,50,1,2.0,1.0,89.8,107.9,15.3,44.0,.244,.349,.417,.360,.395,40.0,25.8,21.6
454,Sean Murphy,2022,27,2372,418,44,10.5,7.2,88.7,114.0,11.5,34.7,.255,.439,.331,.344,.390,41.4,20.3,9.2
455,Seby Zavala,2022,28,875,119,11,9.2,5.4,88.8,105.8,22.7,41.2,.207,.326,.323,.283,.362,37.0,31.2,9.3
456,Seiya Suzuki,2022,27,1876,290,32,11.0,7.2,89.6,111.3,11.2,36.9,.247,.418,.334,.326,.397,41.3,24.7,9.4
457,Sergio Alcantara,2022,25,942,154,3,1.9,1.3,86.6,104.1,13.5,32.5,.209,.291,.269,.244,.297,32.5,25.4,5.4
458,Seth Beer,2022,25,469,81,3,3.7,2.4,85.9,107.7,10.7,33.3,.215,.315,.239,.276,.315,29.6,24.6,8.7
459,Seth Brown,2022,29,2198,355,46,13.0,8.3,89.2,112.9,15.8,34.9,.251,.454,.323,.338,.426,41.4,26.3,9.2
460,Shea Langeliers,2022,24,583,91,9,9.9,5.9,87.3,112.2,16.9,42.9,.200,.345,.296,.261,.372,38.5,34.6,5.9
461,Sheldon Neuse,2022,27,1160,191,6,3.1,2.0,89.1,108.3,1.5,23.0,.212,.291,.253,.254,.312,38.2,27.3,6.8
462,Shohei Ohtani,2022,27,2546,428,72,16.8,10.8,92.9,119.1,12.1,35.0,.275,.549,.370,.383,.481,49.8,24.2,10.8
463,Skye Bolt,2022,28,483,77,4,5.2,3.4,89.2,107.8,9.3,29.9,.194,.321,.261,.258,.307,35.1,25.9,6.0
464,Spencer Torkelson,2022,22,1609,263,22,8.4,5.4,90.5,111.5,15.0,35.4,.226,.378,.272,.305,.358,41.8,24.5,9.2
465,Starling Marte,2022,33,1920,369,25,6.8,5.0,86.8,113.3,7.5,38.5,.276,.428,.355,.336,.386,33.9,19.2,5.1
466,Steele Walker,2022,25,57,10,2,20.0,12.5,88.2,107.9,19.4,30.0,.219,.401,.216,.317,.370,40.0,25.0,12.5
467,Stephen Piscotty,2022,31,554,80,5,6.3,3.6,90.4,107.9,10.4,42.5,.216,.353,.258,.275,.388,46.3,34.5,6.5
468,Stephen Vogt,2022,37,714,126,10,7.9,5.2,87.0,106.8,21.0,38.9,.211,.350,.249,.282,.323,27.8,24.1,8.9
469,Steven Duggar,2022,28,328,32,2,6.3,2.5,92.9,106.0,16.9,34.4,.146,.240,.205,.215,.388,46.9,51.2,8.8
470,Steven Kwan,2022,24,2643,509,7,1.4,1.1,85.1,107.1,11.8,34.6,.268,.341,.341,.312,.298,20.8,9.4,9.7
471,Stone Garrett,2022,26,312,50,5,10.0,6.0,92.9,108.8,22.8,28.0,.195,.366,.360,.265,.374,52.0,32.1,3.6
472,Stuart Fairchild,2022,26,423,63,6,9.5,5.5,88.9,107.6,13.3,31.7,.221,.396,.350,.317,.409,41.3,30.9,7.3
473,TJ Friedl,2022,26,996,191,9,4.7,3.5,87.2,107.2,19.8,30.9,.215,.335,.323,.283,.284,29.8,15.5,7.8
474,Taylor Trammell,2022,24,430,71,7,9.9,6.0,88.3,112.3,20.5,29.6,.206,.357,.300,.292,.356,28.2,28.2,
475,Taylor Walls,2022,25,1888,291,18,6.2,3.9,86.3,105.7,16.6,32.6,.196,.304,.252,.270,.304,28.5,25.8,
476,Taylor Ward,2022,28,2297,380,47,12.4,8.3,90.0,112.6,15.8,41.8,.268,.474,.362,.361,.420,42.9,21.3,
477,Teoscar Hernandez,2022,29,2082,347,52,15.0,9.7,92.6,114.1,11.6,36.3,.265,.501,.348,.351,.470,53.3,28.4,
478,Terrin Vavra,2022,25,383,72,1,1.4,1.0,87.5,104.5,10.7,37.5,.264,.353,.303,.318,.340,23.6,18.4,
479,Thairo Estrada,2022,26,1945,405,18,4.4,3.3,86.2,109.3,8.1,31.6,.246,.352,.317,.299,.319,31.1,16.5,
480,Tim Anderson,2022,29,1145,277,16,5.8,4.6,88.2,108.7,3.3,37.5,.302,.438,.323,.340,.385,41.2,15.7,
481,Tim Locastro,2022,29,166,36,2,5.6,4.3,86.5,108.1,11.8,33.3,.253,.416,.259,.316,.346,25.0,15.2,
482,Tom Murphy,2022,31,181,20,4,20.0,9.5,94.3,110.5,13.4,45.0,.290,.536,.397,.420,.586,60.0,31.0,
483,Tomas Nido,2022,28,1067,222,14,6.3,4.5,86.3,107.4,8.3,40.1,.242,.377,.265,.287,.362,33.3,24.3,
484,Tommy Edman,2022,27,2328,468,29,6.2,4.6,88.6,112.8,8.7,31.6,.258,.380,.318,.308,.341,37.8,17.6,
485,Tommy La,2022,33,794,153,3,2.0,1.5,87.9,108.0,14.6,37.3,.232,.329,.277,.267,.286,32.0,15.4,
486,Tommy Pham,2022,34,2505,392,31,7.9,5.0,92.2,112.6,7.7,33.2,.238,.383,.304,.311,.383,48.5,26.8,
487,Tony Kemp,2022,30,2047,436,7,1.6,1.3,84.4,103.2,15.0,33.9,.219,.291,.287,.267,.257,14.9,12.4,
488,Travis Demeritte,2022,27,381,58,4,6.9,4.2,88.8,109.5,9.7,34.5,.211,.333,.263,.263,.365,37.9,33.3,
489,Travis Jankowski,2022,31,258,45,0,0.0,0.0,80.5,102.3,-3.2,22.2,.198,.230,.222,.259,.230,22.2,15.6,
490,Travis Swaggerty,2022,24,38,5,0,0.0,0.0,92.1,102.4,11.7,0.0,.058,.070,.098,.056,.101,60.0,44.4,
491,Travis d'Arnaud,2022,33,1633,306,26,8.5,6.1,88.5,112.3,11.8,35.0,.247,.412,.343,.313,.367,38.9,21.1,
492,Trayce Thompson,2022,31,1138,128,21,16.4,8.2,92.2,111.9,16.4,45.3,.251,.496,.370,.366,.547,46.9,36.5,
493,Trea Turner,2022,29,2720,527,40,7.6,5.6,88.9,112.5,10.2,35.3,.276,.432,.350,.335,.387,41.6,18.5,
494,Trent Grisham,2022,25,2219,310,25,8.1,4.8,88.3,111.1,15.1,25.5,.205,.358,.280,.296,.361,35.5,28.6,
495,Tres Barrera,2022,27,194,35,0,0.0,0.0,81.8,102.9,21.4,31.4,.167,.214,.187,.187,.245,14.3,30.2,
496,Trevor Larnach,2022,25,724,105,12,11.4,6.7,90.1,112.4,13.1,36.2,.227,.442,.309,.322,.437,43.8,31.7,
497,Trevor Story,2022,29,1575,239,27,11.3,6.8,88.9,113.4,17.8,36.0,.221,.397,.316,.301,.404,40.6,30.8,
498,Trey Mancini,2022,30,2368,389,38,9.8,6.5,89.5,111.8,12.7,39.6,.245,.410,.312,.327,.383,40.4,23.0,
499,Triston Casas,2022,22,412,53,4,7.5,4.2,86.0,110.5,2.2,28.3,.193,.356,.344,.325,.336,41.5,24.2,
500,Tucker Barnhart,2022,31,1174,208,4,1.9,1.3,84.5,105.2,10.1,30.3,.201,.264,.253,.244,.276,26.0,24.0,
501,Tucupita Marcano,2022,22,672,122,2,1.6,1.1,84.7,103.8,11.1,30.3,.176,.243,.249,.213,.248,17.2,24.9,
502,Ty France,2022,27,2211,462,25,5.4,4.1,87.6,110.4,10.0,34.8,.262,.397,.337,.321,.342,36.8,15.3,
503,Tyler Heineman,2022,31,602,144,0,0.0,0.0,82.7,102.5,19.9,34.0,.248,.293,.248,.273,.267,13.2,9.8,
504,Tyler Naquin,2022,31,1261,218,21,9.6,6.3,90.3,112.7,14.4,39.9,.247,.433,.303,.317,.418,40.8,27.8,
505,Tyler Nevin,2022,25,793,114,4,3.5,2.2,87.3,107.0,17.7,34.2,.214,.326,.261,.293,.328,37.7,25.0,
506,Tyler O'Neill,2022,27,1594,238,27,11.3,7.0,89.8,110.3,13.6,36.6,.240,.423,.307,.331,.410,43.3,26.9,
507,Tyler Stephenson,2022,25,732,121,8,6.6,4.4,87.1,106.1,11.1,46.3,.260,.394,.370,.318,.395,34.7,25.7,
508,Tyler Wade,2022,27,628,119,2,1.7,1.2,83.9,109.0,11.5,37.0,.212,.278,.247,.248,.276,16.0,20.2,
509,Tyrone Taylor,2022,28,1522,274,27,9.9,6.7,88.0,109.3,16.9,34.7,.236,.412,.314,.307,.380,37.6,25.2,
510,Vaughn Grissom,2022,21,588,108,8,7.4,5.1,84.6,107.1,9.0,35.2,.256,.408,.345,.323,.380,34.3,21.8,
511,Victor Caratini,2022,28,1246,207,13,6.3,4.1,89.4,112.8,6.6,30.0,.233,.350,.289,.309,.336,43.5,21.3,
512,Victor Reyes,2022,27,1283,242,12,5.0,3.6,87.9,110.9,10.9,35.5,.261,.368,.284,.292,.357,36.8,22.9,
513,Victor Robles,2022,25,1415,277,9,3.2,2.2,84.6,109.7,15.8,29.2,.203,.280,.260,.244,.295,23.8,25.6,
514,Vidal Brujan,2022,24,612,112,3,2.7,1.9,86.1,104.0,14.2,30.4,.186,.252,.220,.233,.257,27.7,22.8,
515,Vimael Machin,2022,28,1002,179,7,3.9,2.8,89.3,108.5,10.2,36.3,.243,.343,.268,.301,.321,39.1,18.6,
516,Vinnie Pasquantino,2022,24,1039,226,20,8.8,6.7,91.2,112.7,12.1,34.1,.289,.475,.365,.374,.378,46.9,11.4,
517,Vladimir Guerrero,2022,23,2596,526,59,11.2,8.4,92.8,118.4,4.3,27.9,.276,.459,.351,.347,.385,50.4,16.4,
518,Wander Franco,2022,21,1216,285,13,4.6,3.8,87.3,112.4,8.2,35.1,.285,.408,.323,.331,.338,35.8,9.6,
519,Whit Merrifield,2022,33,2017,427,18,4.2,3.3,87.1,107.6,15.1,37.9,.240,.356,.294,.288,.310,31.1,15.5,
520,Wil Myers,2022,31,1160,178,13,7.3,4.5,88.5,109.4,13.0,37.6,.225,.373,.311,.288,.382,37.6,30.1,
521,Will Smith,2022,27,2373,416,43,10.3,7.4,89.9,109.0,18.4,36.8,.257,.473,.349,.352,.382,43.0,16.6,
522,Willi Castro,2022,25,1440,287,10,3.5,2.6,84.8,111.7,13.9,35.5,.261,.339,.285,.290,.340,31.4,20.9,
523,William Contreras,2022,24,1546,232,31,13.4,8.2,90.4,115.2,6.1,31.9,.243,.479,.370,.347,.446,46.6,27.7,
524,Willie Calhoun,2022,27,233,44,1,2.3,1.6,89.4,110.4,14.2,22.7,.215,.327,.249,.309,.278,38.6,12.9,
525,Willson Contreras,2022,30,1825,315,33,10.5,6.8,90.4,116.2,8.5,30.2,.256,.463,.357,.364,.410,48.6,21.1,
526,Willy Adames,2022,26,2466,401,52,13.0,8.4,88.9,110.6,18.9,36.4,.238,.451,.325,.323,.414,43.6,26.9,
527,Wilmer Flores,2022,30,2426,429,27,6.3,4.5,87.8,108.3,20.7,35.7,.233,.370,.312,.310,.323,35.4,17.1,
528,Xander Bogaerts,2022,29,2500,446,29,6.5,4.6,88.1,113.0,10.2,30.3,.259,.383,.363,.323,.354,39.5,18.7,
529,Yadiel Hernandez,2022,34,1303,233,20,8.6,6.1,88.8,108.0,3.5,35.6,.244,.407,.315,.310,.377,42.1,22.6,
530,Yadier Molina,2022,39,986,223,7,3.1,2.6,84.7,107.8,16.9,34.1,.230,.328,.235,.254,.286,26.0,14.8,
531,Yairo Munoz,2022,27,208,47,2,4.3,3.3,85.0,106.9,1.3,14.9,.226,.328,.283,.263,.292,36.2,16.7,
532,Yan Gomes,2022,34,1006,235,8,3.4,2.7,85.3,107.5,9.4,37.9,.251,.379,.271,.287,.326,28.9,16.0,
533,Yandy Diaz,2022,30,2157,414,20,4.8,3.6,92.2,114.3,7.7,30.7,.288,.424,.366,.365,.353,49.0,10.8,
534,Yasmani Grandal,2022,33,1573,250,12,4.8,3.2,90.0,110.2,12.1,30.0,.217,.319,.263,.290,.308,40.0,21.0,
535,Yermin Mercedes,2022,29,353,56,4,7.1,4.8,87.5,111.7,25.3,42.9,.253,.392,.301,.329,.364,28.6,20.5,
536,Yoan Moncada,2022,27,1725,285,28,9.8,6.5,88.7,111.5,15.7,35.1,.220,.375,.275,.289,.360,37.5,26.3,
537,Yonathan Daza,2022,28,1536,320,6,1.9,1.5,84.8,106.0,4.6,34.1,.282,.351,.323,.308,.328,25.0,14.2,
538,Yordan Alvarez,2022,25,2195,371,78,21.0,13.9,95.2,117.4,12.3,40.7,.329,.672,.427,.462,.548,59.8,18.9,
539,Yoshi Tsutsugo,2022,30,861,124,7,5.6,3.6,88.8,107.4,10.1,32.3,.197,.285,.221,.254,.290,36.3,25.9,
540,Yu Chang,2022,26,762,111,10,9.0,5.3,88.8,111.3,14.3,35.1,.213,.357,.273,.290,.371,36.9,31.1,
541,Yuli Gurriel,2022,38,2116,475,9,1.9,1.5,88.2,109.6,14.6,30.3,.240,.319,.285,.271,.280,35.6,12.5,
542,Zach McKinstry,2022,27,791,116,5,4.3,2.7,86.4,104.2,12.9,41.4,.229,.342,.280,.288,.359,30.2,28.1,
543,Zack Collins,2022,27,477,57,5,8.8,4.6,91.0,107.9,20.1,35.1,.181,.317,.245,.257,.366,40.4,38.0,
544,Zack Short,2022,27,52,6,2,33.3,15.4,91.8,105.3,39.8,50.0,.112,.269,.106,.232,.273,50.0,38.5,
